Battery,BT-SE-BST25,BATTERY SONY ERICCSON BST25,SONY ERICCSON
Battery,BT-SE-BST30,BATTERY SONY ERICCSON BST30,SONY ERICCSON
Battery,BT-SE-BST37,BATTERY SONY ERICCSON BST37,SONY ERICCSON
Battery,BT-SE-BST36,BATTERY SONY ERICCSON BST36,SONY ERICCSON
Battery,BT-SE-BST33,BATTERY SONY ERICCSON BST33,SONY ERICCSON
Battery,BT-SE-BST15,BATTERY SONY ERICCSON BST15,SONY ERICCSON
Battery,BT-SE-BST38,BATTERY SONY ERICCSON BST38,SONY ERICCSON
Battery,BT-SE-BST39,BATTERY SONY ERICCSON BST39,SONY ERICCSON
Battery,BT-SE-BST40,BATTERY SONY ERICCSON BST40,SONY ERICCSON
Battery,BT-SE-BST41,BATTERY SONY ERICCSON BST41,SONY ERICCSON
Battery,BT-SE-BST43,BATTERY SONY ERICCSON BST43,SONY ERICCSON
Battery,BT-SE-BST42,BATTERY SONY ERICCSON BST42,SONY ERICCSON
Battery,BT-SE-BST25-ORI,BATTERY SONY ERICCSON BST25 ORIGINAL,SONY ERICCSON
Battery,BT-SE-BST30-ORI,BATTERY SONY ERICCSON BST30 ORIGINAL,SONY ERICCSON
Battery,BT-SE-BST37-ORI,BATTERY SONY ERICCSON BST37 ORIGINAL,SONY ERICCSON
Battery,BT-SE-BST36-ORI,BATTERY SONY ERICCSON BST36 ORIGINAL,SONY ERICCSON
Battery,BT-SE-BST33-ORI,BATTERY SONY ERICCSON BST33 ORIGINAL,SONY ERICCSON
Battery,BT-SE-BST15-ORI,BATTERY SONY ERICCSON BST15 ORIGINAL,SONY ERICCSON
Battery,BT-SE-BST38-ORI,BATTERY SONY ERICCSON BST38 ORIGINAL,SONY ERICCSON
Battery,BT-SE-BST39-ORI,BATTERY SONY ERICCSON BST39 ORIGINAL,SONY ERICCSON
Battery,BT-SE-BST40-ORI,BATTERY SONY ERICCSON BST40 ORIGINAL,SONY ERICCSON
Battery,BT-SE-BST41-ORI,BATTERY SONY ERICCSON BST41 ORIGINAL,SONY ERICCSON
Battery,BT-SE-BST43-ORI,BATTERY SONY ERICCSON BST43 ORIGINAL,SONY ERICCSON
Battery,BT-SE-BST42-ORI,BATTERY SONY ERICCSON BST42 ORIGINAL,SONY ERICCSON
Battery,BT-SE-BST25-AP,BATTERY SONY ERICCSON BST25 AP,SONY ERICCSON
Battery,BT-SE-BST30-AP,BATTERY SONY ERICCSON BST30 AP,SONY ERICCSON
Battery,BT-SE-BST37-AP,BATTERY SONY ERICCSON BST37 AP,SONY ERICCSON
Battery,BT-SE-BST36-AP,BATTERY SONY ERICCSON BST36 AP,SONY ERICCSON
Battery,BT-SE-BST33-AP,BATTERY SONY ERICCSON BST33 AP,SONY ERICCSON
Battery,BT-SE-BST15-AP,BATTERY SONY ERICCSON BST15 AP,SONY ERICCSON
Battery,BT-SE-BST38-AP,BATTERY SONY ERICCSON BST38 AP,SONY ERICCSON
Battery,BT-SE-BST39-AP,BATTERY SONY ERICCSON BST39 AP,SONY ERICCSON
Battery,BT-SE-BST40-AP,BATTERY SONY ERICCSON BST40 AP,SONY ERICCSON
Battery,BT-SE-BST41-AP,BATTERY SONY ERICCSON BST41 AP,SONY ERICCSON
Battery,BT-SE-BST43-AP,BATTERY SONY ERICCSON BST43 AP,SONY ERICCSON
Battery,BT-SE-BST42-AP,BATTERY SONY ERICCSON BST42 AP,SONY ERICCSON
Battery,BT-SS-R220,BATTERY SAMSUNG R220,SAMSUNG
Battery,BT-SS-V200,BATTERY SAMSUNG V200,SAMSUNG
Battery,BT-SS-S300,BATTERY SAMSUNG S300,SAMSUNG
Battery,BT-SS-X100,BATTERY SAMSUNG X100,SAMSUNG
Battery,BT-SS-E100,BATTERY SAMSUNG E100,SAMSUNG
Battery,BT-SS-X820,BATTERY SAMSUNG X820,SAMSUNG
Battery,BT-SS-D900,BATTERY SAMSUNG D900,SAMSUNG
Battery,BT-SS-X200,BATTERY SAMSUNG X200,SAMSUNG
Battery,BT-SS-D820,BATTERY SAMSUNG D820,SAMSUNG
Battery,BT-SS-E250,BATTERY SAMSUNG E250,SAMSUNG
Battery,BT-SS-R220-ORI,BATTERY SAMSUNG R220 ORIGINAL,SAMSUNG
Battery,BT-SS-V200-ORI,BATTERY SAMSUNG V200 ORIGINAL,SAMSUNG
Battery,BT-SS-S300-ORI,BATTERY SAMSUNG S300 ORIGINAL,SAMSUNG
Battery,BT-SS-X100-ORI,BATTERY SAMSUNG X100 ORIGINAL,SAMSUNG
Battery,BT-SS-E100-ORI,BATTERY SAMSUNG E100 ORIGINAL,SAMSUNG
Battery,BT-SS-X820-ORI,BATTERY SAMSUNG X820 ORIGINAL,SAMSUNG
Battery,BT-SS-D900-ORI,BATTERY SAMSUNG D900 ORIGINAL,SAMSUNG
Battery,BT-SS-X200-ORI,BATTERY SAMSUNG X200 ORIGINAL,SAMSUNG
Battery,BT-SS-D820-ORI,BATTERY SAMSUNG D820 ORIGINAL,SAMSUNG
Battery,BT-SS-E250-ORI,BATTERY SAMSUNG E250 ORIGINAL,SAMSUNG
Battery,BT-SS-R220-AP,BATTERY SAMSUNG R220 AP,SAMSUNG
Battery,BT-SS-V200-AP,BATTERY SAMSUNG V200 AP,SAMSUNG
Battery,BT-SS-S300-AP,BATTERY SAMSUNG S300 AP,SAMSUNG
Battery,BT-SS-X100-AP,BATTERY SAMSUNG X100 AP,SAMSUNG
Battery,BT-SS-E100-AP,BATTERY SAMSUNG E100 AP,SAMSUNG
Battery,BT-SS-X820-AP,BATTERY SAMSUNG X820 AP,SAMSUNG
Battery,BT-SS-D900-AP,BATTERY SAMSUNG D900 AP,SAMSUNG
Battery,BT-SS-X200-AP,BATTERY SAMSUNG X200 AP,SAMSUNG
Battery,BT-SS-D820-AP,BATTERY SAMSUNG D820 AP,SAMSUNG
Battery,BT-SS-E250-AP,BATTERY SAMSUNG E250 AP,SAMSUNG
Battery,BT-NK-4C,BATTERY NOKIA 4C,NOKIA
Battery,BT-NK-5C,BATTERY NOKIA 5C,NOKIA
Battery,BT-NK-5B,BATTERY NOKIA 5B,NOKIA
Battery,BT-NK-5BT,BATTERY NOKIA 5BT,NOKIA
Battery,BT-NK-4B,BATTERY NOKIA 4B,NOKIA
Battery,BT-NK-4BT,BATTERY NOKIA 4BT,NOKIA
Battery,BT-NK-6M,BATTERY NOKIA 6M,NOKIA
Battery,BT-NK-5L,BATTERY NOKIA 5L,NOKIA
Battery,BT-NK-5F,BATTERY NOKIA 5F,NOKIA
Battery,BT-NK-5M,BATTERY NOKIA 5M,NOKIA
Battery,BT-NK-4CT,BATTERY NOKIA 4CT,NOKIA
Battery,BT-NK-5J,BATTERY NOKIA 5J,NOKIA
Battery,BT-NK-6P,BATTERY NOKIA 6P,NOKIA
Battery,BT-NK-6F,BATTERY NOKIA 6F,NOKIA
Battery,BT-NK-4L,BATTERY NOKIA 4L,NOKIA
Battery,BT-NK-6MT,BATTERY NOKIA 6MT,NOKIA
Battery,BT-NK-5CT,BATTERY NOKIA 5CT,NOKIA
Battery,BT-NK-4U,BATTERY NOKIA 4U,NOKIA
Battery,BT-NK-4S,BATTERY NOKIA 4S,NOKIA
Battery,BT-NK-5K,BATTERY NOKIA 5K,NOKIA
Battery,BT-NK-6Q,BATTERY NOKIA 6Q,NOKIA
Battery,BT-NK-4D,BATTERY NOKIA 4D,NOKIA
Battery,BT-NK-5U,BATTERY NOKIA 5U,NOKIA
Battery,BT-NK-BLB2,BATTERY NOKIA BLB2,NOKIA
Battery,BT-NK-BLC2,BATTERY NOKIA BLC2,NOKIA
Battery,BT-NK-BLD2,BATTERY NOKIA BLD2,NOKIA
Battery,BT-NK-5CA,BATTERY NOKIA 5CA,NOKIA
Battery,BT-NK-6X,BATTERY NOKIA 6X,NOKIA
Battery,BT-NK-4C-ORI,BATTERY NOKIA 4C ORIGINAL,NOKIA
Battery,BT-NK-5C-ORI,BATTERY NOKIA 5C ORIGINAL,NOKIA
Battery,BT-NK-5B-ORI,BATTERY NOKIA 5B ORIGINAL,NOKIA
Battery,BT-NK-5BT-ORI,BATTERY NOKIA 5BT ORIGINAL,NOKIA
Battery,BT-NK-4B-ORI,BATTERY NOKIA 4B ORIGINAL,NOKIA
Battery,BT-NK-4BT-ORI,BATTERY NOKIA 4BT ORIGINAL,NOKIA
Battery,BT-NK-6M-ORI,BATTERY NOKIA 6M ORIGINAL,NOKIA
Battery,BT-NK-5L-ORI,BATTERY NOKIA 5L ORIGINAL,NOKIA
Battery,BT-NK-5F-ORI,BATTERY NOKIA 5F ORIGINAL,NOKIA
Battery,BT-NK-5M-ORI,BATTERY NOKIA 5M ORIGINAL,NOKIA
Battery,BT-NK-4CT-ORI,BATTERY NOKIA 4CT ORIGINAL,NOKIA
Battery,BT-NK-5J-ORI,BATTERY NOKIA 5J ORIGINAL,NOKIA
Battery,BT-NK-6P-ORI,BATTERY NOKIA 6P ORIGINAL,NOKIA
Battery,BT-NK-6F-ORI,BATTERY NOKIA 6F ORIGINAL,NOKIA
Battery,BT-NK-4L-ORI,BATTERY NOKIA 4L ORIGINAL,NOKIA
Battery,BT-NK-6MT-ORI,BATTERY NOKIA 6MT ORIGINAL,NOKIA
Battery,BT-NK-5CT-ORI,BATTERY NOKIA 5CT ORIGINAL,NOKIA
Battery,BT-NK-4U-ORI,BATTERY NOKIA 4U ORIGINAL,NOKIA
Battery,BT-NK-4S-ORI,BATTERY NOKIA 4S ORIGINAL,NOKIA
Battery,BT-NK-5K-ORI,BATTERY NOKIA 5K ORIGINAL,NOKIA
Battery,BT-NK-6Q-ORI,BATTERY NOKIA 6Q ORIGINAL,NOKIA
Battery,BT-NK-4D-ORI,BATTERY NOKIA 4D ORIGINAL,NOKIA
Battery,BT-NK-5U-ORI,BATTERY NOKIA 5U ORIGINAL,NOKIA
Battery,BT-NK-BLB2-ORI,BATTERY NOKIA BLB2 ORIGINAL,NOKIA
Battery,BT-NK-BLC2-ORI,BATTERY NOKIA BLC2 ORIGINAL,NOKIA
Battery,BT-NK-BLD2-ORI,BATTERY NOKIA BLD2 ORIGINAL,NOKIA
Battery,BT-NK-5CA-ORI,BATTERY NOKIA 5CA ORIGINAL,NOKIA
Battery,BT-NK-6X-ORI,BATTERY NOKIA 6X ORIGINAL,NOKIA
Battery,BT-NK-4C-ORI,BATTERY NOKIA 4C AP,NOKIA
Battery,BT-NK-5C-ORI,BATTERY NOKIA 5C AP,NOKIA
Battery,BT-NK-5B-ORI,BATTERY NOKIA 5B AP,NOKIA
Battery,BT-NK-5BT-ORI,BATTERY NOKIA 5BT AP,NOKIA
Battery,BT-NK-4B-ORI,BATTERY NOKIA 4B AP,NOKIA
Battery,BT-NK-4BT-ORI,BATTERY NOKIA 4BT AP,NOKIA
Battery,BT-NK-6M-ORI,BATTERY NOKIA 6M AP,NOKIA
Battery,BT-NK-5L-ORI,BATTERY NOKIA 5L AP,NOKIA
Battery,BT-NK-5F-ORI,BATTERY NOKIA 5F AP,NOKIA
Battery,BT-NK-5M-ORI,BATTERY NOKIA 5M AP,NOKIA
Battery,BT-NK-4CT-ORI,BATTERY NOKIA 4CT AP,NOKIA
Battery,BT-NK-5J-ORI,BATTERY NOKIA 5J AP,NOKIA
Battery,BT-NK-6P-ORI,BATTERY NOKIA 6P AP,NOKIA
Battery,BT-NK-6F-ORI,BATTERY NOKIA 6F AP,NOKIA
Battery,BT-NK-4L-ORI,BATTERY NOKIA 4L AP,NOKIA
Battery,BT-NK-6MT-ORI,BATTERY NOKIA 6MT AP,NOKIA
Battery,BT-NK-5CT-ORI,BATTERY NOKIA 5CT AP,NOKIA
Battery,BT-NK-4U-ORI,BATTERY NOKIA 4U AP,NOKIA
Battery,BT-NK-4S-ORI,BATTERY NOKIA 4S AP,NOKIA
Battery,BT-NK-5K-ORI,BATTERY NOKIA 5K AP,NOKIA
Battery,BT-NK-6Q-ORI,BATTERY NOKIA 6Q AP,NOKIA
Battery,BT-NK-4D-ORI,BATTERY NOKIA 4D AP,NOKIA
Battery,BT-NK-5U-ORI,BATTERY NOKIA 5U AP,NOKIA
Battery,BT-NK-BLB2-ORI,BATTERY NOKIA BLB2 AP,NOKIA
Battery,BT-NK-BLC2-ORI,BATTERY NOKIA BLC2 AP,NOKIA
Battery,BT-NK-BLD2-ORI,BATTERY NOKIA BLD2 AP,NOKIA
Battery,BT-NK-5CA-ORI,BATTERY NOKIA 5CA AP,NOKIA
Battery,BT-NK-6X-ORI,BATTERY NOKIA 6X AP,NOKIA
CHARGER,TC-NK-3310,TRAVEL CHARGER NOKIA 3310,NOKIA
CHARGER,TC-NK-6101,TRAVEL CHARGER NOKIA 6101,NOKIA
CHARGER,TC-NK-8600,TRAVEL CHARGER NOKIA 8600,NOKIA
CHARGER,TC-SE-K750,TRAVEL CHARGER SONY ERICCSON K750,SONY ERICCSON
CHARGER,TC-SE-T28,TRAVEL CHARGER SONY ERICCSON T28,SONY ERICCSON
CHARGER,TC-MT-V3,TRAVEL CHARGER MOTOROLA V3,MOTOROLA
CHARGER,TC-NK-3310-ORI,TRAVEL CHARGER NOKIA 3310 ORIGINAL,NOKIA
CHARGER,TC-NK-6101-ORI,TRAVEL CHARGER NOKIA 6101 ORIGINAL,NOKIA
CHARGER,TC-NK-8600-ORI,TRAVEL CHARGER NOKIA 8600 ORIGINAL,NOKIA
CHARGER,TC-SE-K750-ORI,TRAVEL CHARGER SONY ERICCSON K750 ORIGINAL,SONY ERICCSON
CHARGER,TC-SE-T28-ORI,TRAVEL CHARGER SONY ERICCSON T28 ORIGINAL,SONY ERICCSON
CHARGER,TC-MT-V3-ORI,TRAVEL CHARGER MOTOROLA V3 ORIGINAL,MOTOROLA
CHARGER,TC-NK-3310-AP,TRAVEL CHARGER NOKIA 3310 AP,NOKIA
CHARGER,TC-NK-6101-AP,TRAVEL CHARGER NOKIA 6101 AP,NOKIA
CHARGER,TC-NK-8600-AP,TRAVEL CHARGER NOKIA 8600 AP,NOKIA
CHARGER,TC-SE-K750-AP,TRAVEL CHARGER SONY ERICCSON K750 AP,SONY ERICCSON
CHARGER,TC-SE-T28-AP,TRAVEL CHARGER SONY ERICCSON T28 AP,SONY ERICCSON
CHARGER,TC-MT-V3-AP,TRAVEL CHARGER MOTOROLA V3 AP,MOTOROLA
IN CAR CHARGER,IC-NK-3310,IN CAR CHARGER NOKIA 3310,NOKIA
IN CAR CHARGER,IC-NK-6101,IN CAR CHARGER NOKIA 6101,NOKIA
IN CAR CHARGER,IC-NK-8600,IN CAR CHARGER NOKIA 8600,NOKIA
IN CAR CHARGER,IC-SE-K750,IN CAR CHARGER SONY ERICCSON K750,SONY ERICCSON
IN CAR CHARGER,IC-SE-T28,IN CAR CHARGER SONY ERICCSON T28,SONY ERICCSON
IN CAR CHARGER,IC-MT-V3,IN CAR CHARGER MOTOROLA V3,MOTOROLA
IN CAR CHARGER,IC-NK-3310-ORI,IN CAR CHARGER NOKIA 3310 ORIGINAL,NOKIA
IN CAR CHARGER,IC-NK-6101-ORI,IN CAR CHARGER NOKIA 6101 ORIGINAL,NOKIA
IN CAR CHARGER,IC-NK-8600-ORI,IN CAR CHARGER NOKIA 8600 ORIGINAL,NOKIA
IN CAR CHARGER,IC-SE-K750-ORI,IN CAR CHARGER SONY ERICCSON K750 ORIGINAL,SONY ERICCSON
IN CAR CHARGER,IC-SE-T28-ORI,IN CAR CHARGER SONY ERICCSON T28 ORIGINAL,SONY ERICCSON
IN CAR CHARGER,IC-MT-V3-ORI,IN CAR CHARGER MOTOROLA V3 ORIGINAL,MOTOROLA
IN CAR CHARGER,IC-NK-3310-AP,IN CAR CHARGER NOKIA 3310 AP,NOKIA
IN CAR CHARGER,IC-NK-6101-AP,IN CAR CHARGER NOKIA 6101 AP,NOKIA
IN CAR CHARGER,IC-NK-8600-AP,IN CAR CHARGER NOKIA 8600 AP,NOKIA
IN CAR CHARGER,IC-SE-K750-AP,IN CAR CHARGER SONY ERICCSON K750 AP,SONY ERICCSON
IN CAR CHARGER,IC-SE-T28-AP,IN CAR CHARGER SONY ERICCSON T28 AP,SONY ERICCSON
IN CAR CHARGER,IC-MT-V3-AP,IN CAR CHARGER MOTOROLA V3 AP,MOTOROLA
EARPHONE,EP-NK-3310,EARPHONE NOKIA 3310,EARPHONE
EARPHONE,EP-NK-6101,EARPHONE NOKIA 6101,EARPHONE
EARPHONE,EP-NK-8600,EARPHONE NOKIA 8600,EARPHONE
EARPHONE,EP-NK-N70,EARPHONE NOKIA N70,EARPHONE
EARPHONE,EP-NK-3310-ORI,EARPHONE NOKIA 3310 ORIGINAL,EARPHONE
EARPHONE,EP-NK-6101-ORI,EARPHONE NOKIA 6101 ORIGINAL,EARPHONE
EARPHONE,EP-NK-8600-ORI,EARPHONE NOKIA 8600 ORIGINAL,EARPHONE
EARPHONE,EP-NK-N70-ORI,EARPHONE NOKIA N70 ORIGINAL,EARPHONE
EARPHONE,EP-NK-3310-AP,EARPHONE NOKIA 3310 AP,EARPHONE
EARPHONE,EP-NK-6101-AP,EARPHONE NOKIA 6101 AP,EARPHONE
EARPHONE,EP-NK-8600-AP,EARPHONE NOKIA 8600 AP,EARPHONE
EARPHONE,EP-NK-N70-AP,EARPHONE NOKIA N70 AP,EARPHONE
SCREEN PROTECTOR,SP-CLEAR,SCREEN PROTECTOR CLEAR,SCREEN PROTECTOR
SCREEN PROTECTOR,SP-MATT,SCREEN PROTECTOR MATT,SCREEN PROTECTOR
SCREEN PROTECTOR,SP-PRIVACY,SCREEN PROTECTOR PRIVACY,SCREEN PROTECTOR
SCREEN PROTECTOR,SP-DIAMAND,SCREEN PROTECTOR DIAMAND,SCREEN PROTECTOR
SCREEN PROTECTOR,SP-MIRROR,SCREEN PROTECTOR MIRROR,SCREEN PROTECTOR
SCREEN PROTECTOR,SP-CLEAR-2PCS,SCREEN PROTECTOR CLEAR FOR FRONT & BACK ,SCREEN PROTECTOR
SCREEN PROTECTOR,SP-MATT-2PCS,SCREEN PROTECTOR MATT FOR FRONT & BACK,SCREEN PROTECTOR
SCREEN PROTECTOR,SP-DIAMAND-2PCS,SCREEN PROTECTOR DIAMAND FOR FRONT & BACK,SCREEN PROTECTOR
BLUETOOTH,BTOOTH-ITECH,BLUETOOTH I TECH,BLUETOOTH
BLUETOOTH,BTOOTH-BH108,BLUETOOTH BH 108,BLUETOOTH
DATA CABLE,USB-CA101-NK8600,USB DATA CABLE CA101 NOKIA 8600,DATA CABLE
DATA CABLE,USB-CA53-NKN70,USB DATA CABLE CA35 NOKIA N70,DATA CABLE
DATA CABLE,USB-DKE2-NKN95,USB DATA CABLE DKE2 NOKIA N95,DATA CABLE
DATA CABLE,USB-DCU60-SEK750,USB DATA CABLE DCU60 SONY ERICSSON K750,DATA CABLE
MEMORY CARD,MC-SD4GB,4GB SD MEMORY CARD,MEMORY CARD
MEMORY CARD,MC-SD8GB,8GB SD MEMORY CARD,MEMORY CARD
MEMORY CARD,MC-SD16GB,16GB SD MEMORY CARD,MEMORY CARD
MEMORY CARD,MC-MINISD4GB,4GB MINI SD MEMORY CARD,MEMORY CARD
MEMORY CARD,MC-MINISD8GB,8GB MINI SD MEMORY CARD,MEMORY CARD
MEMORY CARD,MC-MINISD16GB,16GB MINI SD MEMORY CARD,MEMORY CARD
